-- MySQL dump 10.13  Distrib 8.0.22, for macos10.15 (x86_64)
--
-- Host: 25.32.95.208    Database: movie
-- ------------------------------------------------------
-- Server version	5.5.5-10.4.17-MariaDB
drop database `movie`;
create database movie;
use movie;

DROP USER 'admin'@'%';
CREATE USER 'admin'@'%' IDENTIFIED BY '1234';
FLUSH PRIVILEGES;
/*!40101 SET @OLD_CHARACTER_SET_CLIENT=@@CHARACTER_SET_CLIENT */;
/*!40101 SET @OLD_CHARACTER_SET_RESULTS=@@CHARACTER_SET_RESULTS */;
/*!40101 SET @OLD_COLLATION_CONNECTION=@@COLLATION_CONNECTION */;
/*!50503 SET NAMES utf8mb4 */;
/*!40103 SET @OLD_TIME_ZONE=@@TIME_ZONE */;
/*!40103 SET TIME_ZONE='+00:00' */;
/*!40014 SET @OLD_UNIQUE_CHECKS=@@UNIQUE_CHECKS, UNIQUE_CHECKS=0 */;
/*!40014 SET @OLD_FOREIGN_KEY_CHECKS=@@FOREIGN_KEY_CHECKS, FOREIGN_KEY_CHECKS=0 */;
/*!40101 SET @OLD_SQL_MODE=@@SQL_MODE, SQL_MODE='NO_AUTO_VALUE_ON_ZERO' */;
/*!40111 SET @OLD_SQL_NOTES=@@SQL_NOTES, SQL_NOTES=0 */;


--
-- Table structure for table `credit_card`
--

DROP TABLE IF EXISTS `credit_card`;
/*!40101 SET @saved_cs_client     = @@character_set_client */;
/*!50503 SET character_set_client = utf8mb4 */;
CREATE TABLE `credit_card` (
  `credit_number` int(11) NOT NULL,
  `security_number` varchar(5) DEFAULT NULL,
  `deadline` date DEFAULT NULL,
  `user_id` int(10) unsigned DEFAULT NULL,
  PRIMARY KEY (`credit_number`),
  KEY `user_id` (`user_id`),
  CONSTRAINT `CREDIT_CARD_ibfk_1` FOREIGN KEY (`user_id`) REFERENCES `user` (`id`)
) ENGINE=InnoDB DEFAULT CHARSET=utf8mb4;
/*!40101 SET character_set_client = @saved_cs_client */;

--
-- Dumping data for table `credit_card`
--

LOCK TABLES `credit_card` WRITE;
/*!40000 ALTER TABLE `credit_card` DISABLE KEYS */;
/*!40000 ALTER TABLE `credit_card` ENABLE KEYS */;
UNLOCK TABLES;

--
-- Table structure for table `movie`
--

DROP TABLE IF EXISTS `movie`;
/*!40101 SET @saved_cs_client     = @@character_set_client */;
/*!50503 SET character_set_client = utf8mb4 */;
CREATE TABLE `movie` (
  `id` int(11) NOT NULL AUTO_INCREMENT,
  `name` varchar(50) DEFAULT NULL,
  `name_en` varchar(50) DEFAULT NULL,
  `pic_path` varchar(100) DEFAULT NULL,
  `description` varchar(512) DEFAULT NULL,
  `running_time` int(11) DEFAULT NULL,
  `director` char(50) DEFAULT NULL,
  `actors` varchar(100) DEFAULT NULL,
  `movie_type` varchar(50) DEFAULT NULL,
  `classification` varchar(50) DEFAULT NULL,
  `release_date` date DEFAULT NULL,
  PRIMARY KEY (`id`)
) ENGINE=InnoDB AUTO_INCREMENT=52 DEFAULT CHARSET=utf8mb4;
/*!40101 SET character_set_client = @saved_cs_client */;

--
-- Dumping data for table `movie`
--

LOCK TABLES `movie` WRITE;
/*!40000 ALTER TABLE `movie` DISABLE KEYS */;
INSERT INTO `movie` VALUES (1,'鬼滅之刃劇場版 無限列車篇','Demon slayer','film1.jpg','《鬼滅之刃》是家人慘遭鬼殺害的少年－竈門炭治郎，為了讓化為鬼的妹妹禰豆子恢復回人 類，自願加入「鬼殺隊」的故事。以人鬼間的悲痛故事、驚心動魄的劍戰，以及偶然穿插的 滑稽場景，贏得廣大人氣，不僅紅遍日本，更掀起全球觀眾的熱烈討論。\n緊接在電視版動畫《竈門炭治郎‧立志篇》之後的故事《無限列車篇》，即將登上大銀幕。 炭治郎等人完成「蝴蝶屋」的訓練，下一個目的地是開往黑暗的「無限列車」。\n以多人行蹤不明的這輛列車為舞台，炭治郎帶著禰豆子與善逸、伊之助一行人，與鬼殺隊最 強劍士＂柱＂其中之一「炎柱 ‧ 煉獄杏壽郎」會合， 新的任務即將開始！',117,'外崎春雄','(聲優)花江夏樹(Natsuki Hanae)、松岡禎丞','動畫','保護級','2020-10-30'),(2,'魔物獵人','Monster Hunter','film2.jpg','本片根據CAPCOM熱門電玩遊戲改編，劇情描述在人類居住的世界背後，有個充滿危險強大的魔物世界，娜塔莉阿特彌斯中尉(蜜拉喬娃維琪 飾演)與由她帶領的菁英部隊進入了這個神秘時空，在這個超能怪物群居的新世界，將面臨著全團滅亡的生存之際。娜塔莉一行人在尋求返家之路時，她們遇到了一名能在這蠻荒之地生存的神秘獵人(東尼嘉 飾演)。面對蜂擁而至的凶狠且恐怖的魔物攻擊，娜塔莉和勇士們準備一一擊退並找到能順利回家的路…',104,'保羅安德森(Paul W.S. Anderson)','蜜拉喬娃維琪(Milla Jovovich) 、 東尼嘉(Tony Jaa) 、 迪亞哥波尼塔(Diego Boneta) 、 朗帕曼(Ron Perlman)','奇幻/科幻、冒險、動作','保護級','2020-12-04'),(3,'刻在你心底的名字','Your Name Engraved Herein','film3.jpg','「每個人的初戀，都跟史詩電影一樣偉大。」\n\n1987年台灣解嚴，高二生張家漢在烈日泳池畔初見同校的王柏德，從此再也無法收回目光。當學校解除髮禁、招收女學生，原以為解嚴開啟了自由戀愛的大門，社會與人心卻仍未改變，一再壓抑他們對愛、性與性向的摸索和擁抱，此時學妹的出現，更激化兩人的曖昧關係。這段刻骨銘心的愛戀，何時才能說出口？',114,'柳廣輝','陳昊森、曾敬驊、邵奕玫、王識賢、法比歐(Fabio Gran','愛情','保護級','2020-09-30'),(4,'孤味','LITTLE BIG WOMEN','film4.jpg','缺席的人，是她們不能觸碰的心事…\n林秀英（陳淑芳 飾）是台南赫赫有名的餐廳老闆，在丈夫（龍劭華 飾）無聲無息地離家後，便靠著賣蝦捲，獨自撫養三個女兒長大成人，不僅把蝦捲從路邊攤賣到開餐廳，三個女兒更是成就非凡，大女兒阿青（謝盈萱 飾）是國際舞者，二女兒阿瑜（徐若瑄 飾）在台北當整形醫生，小女兒佳佳（孫可芳 飾）則接手自己的餐廳事業。\n\n眼看就要苦盡甘來，秀英卻在70大壽當天接到丈夫離世的噩耗，在替這位有名無實的丈夫籌辦喪禮的同時，竟意外迎來了另一位陪伴丈夫度過晚年的女人，令她不得不再次面對內心埋藏已久的怨懟……\n',123,'許承傑','陳淑芳 、 謝盈萱 、 徐若瑄(Vivian Hsu) 、 孫可芳 、 丁寧 、 陳姸霏','家庭、劇情','普遍級','2020-11-06'),(5,'同學麥娜絲','CLASSMATES MINUS','film5.jpg','人會老 存錢也要存一些老朋友\n從同學 看見現代人的人生百態…\n\n四個高中同學畢業後常常聚在泡沫紅茶店刁牌、唬爛三小，但聚會後他們還是要繼續面對生活的艱難…電風(鄭人碩飾)是保險業務員，領著微薄薪水省吃儉用買了新房，因為女友懷孕將步入婚姻的人生階段；從事紙紮屋行業又有陰陽眼的閉結(劉冠廷飾)，因長期照顧臥病在床的阿嬤錯過婚姻，想尋求婚姻介紹所找一個好女人結婚；罐頭(納豆飾)在一次吞藥自殺後洗心革面，接下了戶政所的工作，因此與他心目中的女神校花麥娜絲重逢；添仔(施名帥飾)是懷才不遇的導演，卻在機緣下被政客(陳以文飾)相中開始選舉之路…\n\n四個人各自遇上人生事業、婚姻、愛情、夢想的難題，唯一不變的是他們從學生時期到現在仍相約在泡沫紅茶店。同學聚在一起雖然幹話滿天，但這些幽默的五四三，卻展現相互扶持的真摯友情，也透露了長大後面對困頓人生的徬徨與無奈，而人生的重重關卡，正考驗著這四位同學真摯的情誼…\n',122,'黃信堯','鄭人碩(Cheng Jen-Shuo) 、 劉冠廷 、 納豆(Lin Yu-Chih) 、 施名帥 、 王彩樺 、 潘慧如 、 朱芷瑩 、 洪小鈴 、 陳以文','喜劇、劇情','保護級','2020-11-20'),(6,'親愛的房客','DEAR TENANT','film6.jpg','林健一（莫子儀　飾）不只看護生病的房東周秀玉，還收養她9歲的孫子王悠宇。他的行為看似超出普通房客，但其實這都是他思念一個人的方式。\n然而，在周秀玉過世之後，他的動機開始受到質疑。在檢警調查之下，發現越來越多對健一不利的證據……\n\n擅於處理人際關係及身分認同的導演鄭有傑，睽違五年的新作。挑戰在陰暗的故事線下，刻畫愛的極限與界線，懸疑中暗藏他擅長的溫暖基調。觀眾隨著敘事遊戲峰迴路轉、抽絲剝繭，現實亦或記憶，是真是假，孰善孰惡，世界豈是非黑即白？由莫子儀、姚淳耀、是元介等全演員陣容，引領觀眾親身深入眾角色矛盾的內心世界。\n',106,'鄭有傑','莫子儀 、 陳淑芳 、 白潤音 、 姚淳耀 、 是元介 、 吳朋奉 、 沈威年 、 謝瓊煖 、 王可元','家庭、劇情','輔導級','2020-10-23'),(7,'無聲','THE SILENT FOREST','film7.jpg','學校裡很寧靜，但卻充斥著詭異氛圍。天真無邪的學生一起在玩一個遊戲，但這個遊戲卻是不能說的祕密，可是到底為什麼不能說…在這個遊戲中，什麼才是勝利？誰勝誰負？又或，大家口中不能說的遊戲只是一種無助的求救訊號？在孤寂的無聲世界中，聽不見，不代表看不見，其實，你並不孤單。\n\n新銳導演柯貞年的首部長片以大膽敘事方式探討「愛與救贖」，現實雖然未能盡如人意，但世界上的每個人都是值得被愛的。「他們只是在玩」一句輕描淡寫的話，在無聲的世界中蔓延，究竟什麼是一起玩，卻不能說的遊戲？\n',104,'柯貞年','陳姸霏 、 劉子銓 、 劉冠廷 、 楊貴媚(Yang Kuei-mei) 、 太保(Tai-Bo)','懸疑、驚悚、劇情','輔導級','2020-10-15'),(8,'消失的情人節','MY MISSING VALENTINE','film8.jpg','動作快速、凡事搶拍的曉淇（李霈瑜/飾），感情生活卻毫無進展，年近三十還是母胎單身。每天在郵局重複著千篇一律的櫃檯工作，除了要應付形形色色的客人，還有一個公車司機阿泰（劉冠廷/飾），每天都固定來找她寄一封平信。阿泰（劉冠廷/飾）與曉淇完全相反，他是個動作慢吞吞、連手錶的時間、地震的感應都比別人慢的奇葩。\n情人節前夕，楊曉淇被天菜陽光男劉老師（周群達Duncan/飾）搭訕，情竇初開的曉淇和劉老師天雷勾動地火；想不到一覺醒來，劉老師再無音訊，而且情人節居然憑空消失？！連每天來寄信的阿泰也沒再出現過...毫無記憶的楊曉淇，開始了一趟尋找真相的奇幻旅程...\n',119,'陳玉勳','劉冠廷 、 李霈瑜','愛情、劇情','普遍級','2020-09-18'),(9,'DJ SNAKE - THE CONCERT IN CINEMA','DJ SNAKE - THE CONCERT IN CINEMA','film9.jpg','DJ Snake——來了！\n來自法國的他稱霸電子樂的世界舞台\n成為全球串流音樂平台Top 5最多點擊率的dance artist\n他曾與Lady Gaga、Justin Bieber、Cardi B、Selena Gomez、J. Balvin等多位國際超人氣歌手合作，成為全球音樂圈廣泛讚譽的音樂製作人！\nSpotify上更有3首歌超過1億點擊率，YouTube的觀看次數更超過20億次！\n他更是首位在法國巴黎的La Défense體育場舉辦音樂會的DJ。這次DJ Snake將自己的音樂會盛況呈現於大銀幕上，這回將統治全球的電影院！\n20 多部高清攝像機多角度拍攝和無死角的收音設備，這場銀幕音樂盛會必將史無前例，為您帶來極致痛快、臨場感十足的視聽體驗！大銀幕感受多首經典作品，包含Turn Down For What、Lean On、Magenta Riddim、Taki Tak、Loco Contigo及Let Me Love You等，為樂迷帶來絕對震撼、難忘的體驗。\n',117,'Alexandre Buisson','未提供','音樂、歌舞','普遍級','2020-12-03'),(10,'名偵探柯南 : 紅之校外旅行 鮮紅篇和戀紅篇','DETECTIVE CONAN THE SCARLET SCHOOL TRIP','film10.jpg','以古都京都為舞台，新一將挑戰兇手為天狗的連環殺人案！\n而他與小蘭的戀情又會走向何方呢!?\n\n因校外旅行而來到京都的新一，在清水寺遇見母親有希子的朋友——女演員鞍知景子。和大學同學來替老友掃墓的景子，委託新一解讀同學收到的暗號。當晚，新一帶著小蘭、園子、世良造訪投宿同一家飯店的景子房間，發現那裡聚集了即將上映的電影《紅之修羅天狗》相關人員。演員井隼森也、電影導演馬山峰人、作曲家阿賀田力、編劇西木太郎都是景子的大學同學。\n\n新一接過西木收到的暗號便和景子等人道別，然而緊接著發生了西木被殺害的事件。案發現場如同養源院的血天井一般，天花板染著鮮血。天花板上的血腳印一直延續到窗戶，世良推測能在空中飛翔、擁有神力的怪物即是兇手。景子等人害怕遭到天狗襲擊而顫慄不已。\n\n天狗是這次電影的題材，而新的暗號也與天狗經常拿在手上的八角金盤葉一起被放進了西木的懷中。之後，電影相關人員陸續受到天狗襲擊……。\n',90,'山本泰一郎','山口勝平、山崎和佳奈、高山南、堀川亮、日高範子、 雪野五月、松井菜櫻子、久川綾、小西克幸、倉木麻衣','動畫、愛情、推理','普遍級','2020-11-20'),(11,'海邊的異邦人','L ETRANGER DE LA PLAGE','film11.jpg','一場在沖繩海岸編織出的浪漫純愛物語\n《海邊的異邦人》是日本知名漫畫家紀伊Kanna的出道作品。有動畫師、插畫師、漫畫家多重身份的她，作品向來畫風清爽、故事細緻且溫柔，就算角色面臨絕望或痛苦，讀者也能在最後看到角色的希望與溫暖。尤其讀者們最關注的BL性愛場面，她也處理得恰到好處，並不會大膽得讓人難以接受。這也讓她的《海邊的異邦人》，以及之後的續作《春風的異邦人》，都讓讀者們津津樂道。\n\n《海邊的異邦人》故事描繪立志成為小說家的「橋本駿」，以及坐在長椅上看海的憂鬱少年「知花實央」，兩人從陌生逐漸發展出愛情，那段純情、青澀又曲折的關係，也緊緊抓住眾多讀者的心。尤其漫畫推出之後，也相繼推出廣播劇CD，獲得粉絲大力支持。這也讓富士電視台看上本作潛力，成為其BL動畫品牌「BLUE LYNX」，繼《鳴鳥不飛：烏雲密布》之後的最新作品，並交由曾參與《足球小將翼》、《相聚一刻》、《咕嚕咕嚕魔法陣》等知名動畫製作的老字號動畫公司「雲雀工作室」打造，更請來原著作者紀伊Kanna本人擔任監修與角色設計。以超越以往BL動畫的超高品質，將作品裡的戲劇衝突，以及沖繩靜謐而重複的海浪聲、滿天星斗的天空，還有兩位主角輕柔搖曳的髮絲，在對光線、',59,'大橋明代','松岡禎丞 、 村田太志 、 嶋村佑 、 伊藤加奈惠 、 仲谷明香 、 佐藤花','動畫','輔導級','2020-11-13'),(12,'GIVEN ~ 被贈與的未來 劇場版','THEATRICAL ANIMATION GIVEN','film12.jpg','キヅナツキ同名BL人氣漫畫，繼電視劇版後，終於登上大銀幕，這也是日本BL新銳廠牌「BLUE LYNX」繼《鳴鳥不飛：烏雲密布》的第二部作品。\n\n高中生上山立夏熱愛演奏吉他，與春樹和秋彥合組一個小樂隊。某個午休，他意外幫佐藤真冬修好吉他弦後，被真冬拜託教吉他，而後又在聽到真冬的歌聲後邀請他加入樂隊。立夏在相處的過程中漸漸喜歡上真冬，真冬有一個彼此互相喜歡並支持的青梅竹馬，但那個人卻自殺了，因那個人喜歡吉他，真冬才一直很想學。那個人沒有做到的事，沒有堅持的陪伴，立夏都幫他實現了，真冬也開始慢慢喜歡上立夏。另外一對CP春樹和秋彥，春樹一直默默地喜歡著秋彥，為他留著長髮，但秋彥卻與極具音樂才華的小提琴家雨月同居在一起。動畫影集以高中生的真冬與立夏兩人間悲傷恬淡的愛情為主軸，首部劇場版則為大人組三人的春樹、秋彦、雨月，熾熱的三角戀拉開序幕。\n',60,'山口光','矢野獎吾、內田雄馬、中澤匡智、江口拓也、淺沼晉太郎','動畫','普遍級','2020-11-06'),(13,'劇場版 高校艦隊','HIGH SCHOOL FLEET THE MOVIE','film13.jpg','生於大海，守護大海，向大海前進——那就是藍色人魚！\n\n距今約100年前，日本大部分的國土沉入海中而成為海上大國。守護海洋安全的「藍色人魚」，因而成了女孩們所嚮往的職業。想成為「藍色人魚」的岬明乃，進入了橫須賀女子海洋學校，被任命為教育艦「晴風」的艦長，與同學們一同參與海洋實習。個性豐富的班上成員們，一起克服種種困難，加深彼此的羈絆。某日，日本國內全體女子海洋學校學生齊聚一堂的文化祭與體育祭「競鬥遊戲會」在橫須賀舉辦，明乃等晴風班成員們也為了準備歡迎祭而忙碌不已。大和．信濃．紀伊等超大型艦的班級也都前來集會，就在各式各樣的演出與競技正火熱進行時，新的「危機」正朝她們逼近……\n',104,'信田祐','	\n夏川椎菜, Lynn, 古木望, 種崎敦美, 黑瀨優子, 久保百合花, 雨宮天, 大空直美, 高橋未奈美, 長繩麻理亞, 楠木燈, 天野聰美, 富田美憂, 鈴代紗弓','動畫','普遍級','2020-11-13'),(14,'用甜酒漱口','MY SWEET GRAPPA REMEDIES','film14.jpg','年過四十的佳子（松雪泰子 飾）單身、獨居、沒有孩子，在派遣公司上班，平淡生活中任何一點微小的事物，都是她所珍視的浪漫。和被拖吊的腳踏車「久別重逢」，興奮地撲上前給腳踏車一個愛的擁抱；爬上明明在家附近，卻從沒走過的天橋，看見從未見過的日落風景發出讚嘆；觀察月台上的老太太緩慢、認真地用手機寫下「來拜訪我吧！」，感動到差點熱淚盈眶；為了幫一塵不變的生活增添變化，毅然決然搭上與平日反方向的列車，結果回來卻發現除了後悔、浪費時間，什麼也沒得到。\n\n佳子最大的樂趣就是與公司後輩若林（黑木華 飾）一起吃午餐、期待發薪日那天一起慶祝一番；以及下班後一個人去酒吧，或回家小酌片刻，當甜酒入喉，生命的缺憾、曾經的戀人、離世的父母、想被記得的渴望，都再次提醒佳子孤獨的事實。然而，這樣平淡、孤單的日子卻在比佳子小24歲的年輕男子岡本（清水尋也 飾）出現後，開始產生變化，兩人的戀情，將為佳子帶來全新的生活感悟。\n',107,'大九明子(Akiko Ohku)','松雪泰子(Yasuko Matsuyuki) 、 黑木華(Haru Kuroki) 、 清水尋也','劇情','保護級','2021-01-13'),(15,'神力女超人1984','WONDER WOMAN 1984','film15.jpg','時間快轉到了1980年代，神力女超人在她的下一個銀幕大冒險中，發現自己面對了兩個全新的敵人：麥斯威爾洛德和豹女。\n\n本片依然由導演派蒂珍金斯執導，蓋兒加朵扮演神力女超人，《神力女超人1984》是華納兄弟電影公司繼2017年全球票房達8.22億美元，賣座的《神力女超人》這部DC超級英雄首作的續集。克里斯潘恩繼續在本片飾演史提夫崔佛，另外還有克莉絲汀薇格飾演的豹女，佩德羅帕斯卡飾演的麥斯威爾洛德，羅蘋萊特飾演的安提奧佩，以及康妮尼爾森飾演的希波呂忒。\n\n續作的製作陣容包括查爾斯羅文、黛博拉史奈德、查克史奈德、派蒂珍金斯、蓋兒加朵和史蒂芬瓊斯。監製則包括蕾貝卡史提爾羅文歐克萊、理查德薩科、瑪莉安珍金斯、傑夫強斯、華特濱田、香緹儂武和衛斯理考勒。\n\n派蒂珍金斯執導所用的劇本是由她與傑夫強斯及大衛卡拉漢所撰寫，故事架構則是由珍金斯和強斯根據DC漫畫的角色而來。而導演在幕後的團隊來自她的《神力女超人》團隊，包括攝影指導馬修詹森，奧斯卡提名的製作設計艾琳班尼托（《艾蜜莉的異想世界》），以及奧斯卡服裝設計琳蒂漢明（《酣歌暢戲》）。負責剪輯的是奧斯卡提名剪輯理查皮爾森 （《聯航93》）。配樂是由奧斯卡獲獎的作曲家漢斯季默（《敦',151,'派蒂珍金斯(Patty Jenkins)','蓋兒加朵(Gal Gadot) 、 佩德羅帕斯卡(Pedro Pascal) 、 克里斯潘恩(Chris Pine) 、 羅蘋萊特(Robin Wright) 、 康妮尼爾森(Connie Niels','動作','保護級','2021-01-10'),(16,'只有悲傷才是美麗的','ICARUS THE LEGEND OF MIETEK KOSZ','film16.jpg','《只有悲傷才是美麗的》全片以時序交錯方式，描述這位音樂天才短暫卻豐富的人生，剪輯、攝影、音樂和聲音設計均十分到位。波蘭3座影帝得主大衛奧格羅尼克為演出該片，除以3個月熟練演奏技巧，更斷食減重、讓身形變得纖弱，更為體悟米提克柯許的孤獨心境，實地住進視障學校。全片透過《風暴之前》、《搭上Ａ線的列車》、《愛的錯覺》、《快樂似雲雀》、《憶往琴深》以及《伊卡洛斯》等多首新創爵士樂曲，逐一串起柯許的破碎童年、光影記憶、功成名就、愛情幻夢，以及聚散離別等人生片刻，勇奪波蘭影展最佳影片等7項大獎。大衛奧格羅尼克爐火純青的演技，細膩呈現柯許內心的孤獨與掙扎，更二度榮登影帝寶座。\n',122,'馬歇皮爾修扎 Maciej Pieprzyca','大衛奧格羅尼克 Dawid Ogrodnik','劇情','保護級','2021-01-14'),(19,'順其自然的日子','Happy-Go-Lucky Days','film19.jpg','\n總有一天，戀愛時的苦痛會化為一段美好的回憶。\n百合曾經是非常受同性歡迎的女孩，如今嫁給了一位男人。百合的高中女友小悅以及大學女友綾小姐，皆以朋友身分出席了婚禮。兩人因前任戀人的婚禮而傷心欲絕，卻又互相吸引；在畢業典禮上，男校老師澤突然被學生矢崎告白，這讓澤老師的內心動盪不已，但典禮仍舊得如常舉行；小新暫時搬到被父母拋棄的表姊小夜子的家，小新與青梅竹馬美香出於好奇，竟看了小夜子主演的A片；成了中學生的小新與美香，兩人因看了小夜子主演的A片而愧疚不已，一段寫實的成長故事，懷揣著令人費解的情感。\n\n本片根據擅長描寫青少年角色的知名漫畫家志村貴子同名作品改編，是一部看似無關、其實環環相扣的短篇故事集，《順其自然的日子》以輕盈細膩的方式描繪了一段段曲折的愛情故事。深刻溫柔又曖昧心動的風格，召集了夢幻聲優卡司群出”聲”助陣，包含《工作細胞》花澤香菜、《鬼滅之刃》櫻井孝宏、《電影版 聲之形》早見沙織等，前所未見的王牌聲優合作，堪稱一時之選。主題曲更找來曾為電影《百元之戀》、《帝一之國》譜曲過的日本話題樂團CreepHyp，首度為動畫劇場版量身創作的動人歌曲。電影除了談愛情、談日常，更描繪了各種不同的戀愛組合與懷揣情懷，在',30,'佐藤卓哉(Takuya Sato)','花澤香菜(Kana Hanazawa) 、 櫻井孝宏(Sakurai Takahiro) 、 早見沙織','動畫','保護級','2021-01-09'),(20,'熱血合唱團','FIND YOUR VOICE','film20.jpg','由天王劉德華領軍造夢的《熱血合唱團》講述了三等學校的問題學生在學校闖下大禍後，被要求參加一個「熱血合唱團試驗計畫」。別無選擇的學生只得遵從。之後，在音樂界著名華裔指揮家也答應作為該合唱團的指揮後，合唱團與指揮家正式開始了他們的高歌之旅……。透過音樂，給自己的迷惘人生一個熱血成長的機會！\n',109,'關信輝','劉德華(Andy Lau) 、 尹揚明 、 吳岱融 、 盧冠廷','劇情、音樂、歌舞','保護級','2021-01-14'),(21,'食人少年幫','PIRANHAS','film21.jpg','15歲的尼可拉與母親和弟弟生活在義大利那不勒斯街區，當地由黑幫控制，壓迫著窮人收受保護費。尼可拉和朋友們總幻想著能脫離貧窮，過上錦衣玉食的生活，正值青春期的他們開始為幫派販毒，逐步踏入充斥暴力、背叛和慾望的犯罪世界…\n',111,'克勞迪歐喬凡尼西(Claudio Giovannesi)','弗朗切斯科迪拿波里(Francesco Di Napoli) 、 薇薇安娜阿普蕾雅(Viviana Aprea) 、 馬蒂亞皮安諾戴巴佐(Mattia Piano Del Balzo)','犯罪、劇情','紀錄片','2021-01-14'),(22,'情攝大師','HELMUT NEWTON THE BAD AND THE BEAUTIFUL','film22.jpg','出生自 1920 年代的德國猶太籍攝影師漢姆特紐頓 Helmut Newton，以女性、裸體、戀物情節，以及令多數人不舒服的主題作為時尚攝影題材而聲名大噪，但也因此招來一連串爭議與物化的抨擊。然而他堅信女體攝影是強勢自信的展現，他大膽打破傳統的美學與創意成為經典，使他成為二十世紀指標性攝影大師之一，對當今流行文化與時尚圈的樣貌留下深遠影響。\n\n今年是漢姆特紐頓的 100 歲冥誕，紀錄片特地邀來曾擔任其寫真人物的女星以及權威時尚名人，包括「VOGUE時尚惡魔總編」安娜溫圖、「真人芭比超模始祖」克勞迪婭雪佛、「英國影后」夏綠蒂蘭普琳、「義大利超模影后」伊莎貝拉羅塞里尼，以及「傳奇前衛女王」葛麗絲瓊斯等巨星，重新回顧並以第一人稱回應爭議，詮釋背後意涵，緬懷這位大師的傳奇人生，以及他為後世留下的一張張經典時尚大片背後的故事。\n',89,'蓋羅馮波姆(Gero von Boehm)','凱薩琳丹妮芙(Catherine Deneuve) 、 夏綠蒂蘭普琳(Charlotte Rampling) 、 伊莎貝拉羅塞里尼(Isabella Rossellini) 、 葛麗絲瓊斯(Grace','劇情、音樂、歌舞','紀錄片','2021-01-14'),(45,'惡靈富堡','pengwei','film23.jpg','公道價八萬一',81,'陳平偉','陳平偉','動作、拆車','限制級','2021-01-03'),(46,'大便片','shit movie','film24.jpg','你看到我 媽的 巨... 你看到我大槌達瑞斯 都不會怕的欸 還在他媽 還在前面那邊洗兵耶 嗚哇～墮 欸幹? 怎麼墮到李星 嗚挖阿 Double Kill !! 巨槌瑞斯!!!! 誇抓 !! 哈哈哈哈哈哈哈哈!! 嗯嗯嗯嗚喔喔 (加上意義不明的動作) 可惜阿 如果我有剁到那個 我有剁到那個 第一隻那個叫誰 索娜 還是誰 唉剁到就五連了 可惜阿 可惜阿 喔沒有關係阿 沒有關係阿 還是讓我表演了一把阿 欸欸AAAA 不要不要不要不要 鬼步!! 鬼步掏出來~ 哇喔喔喔喔!! 還敢下來阿? 冰鳥? 襪喔喔喔喔!! 老爸 剁起來!!! Double Kill!!! 哈哈哈哈哈哈哈哈ㄏㄏ (爆笑) 爛!!! 出來囉 當夜幕降臨~ 我們才睡醒睜開雙眼~ WAA喔喔喔喔!!! 哇喔喔喔!!! 嬰兒!! A.... 握喔喔喔喔!!! Double Kill!!!! 達瑞斯~~ 欸... 不要不要 好痛好痛 如果我是DJ~ 5555 ㄓㄧㄥ!! (模仿瑞斯大絕) 達瑞斯斷頭台~~~ 嬰兒通通死去 聊天室6666起來 66666起來!!!!',7414,'張葦航','國動、龜狗、仁豪、KYT','大便片','限制級','2021-01-01'),(50,'火影忍者 無憲月讀傳','NARUTO INFINITY TUKUYOMI XIAN ','film25.jpg','一袋米要扛幾樓？一袋米要扛二樓!一袋米有好多嘞，一袋米要我洗嘞。一袋米有好多嘞，一袋米要我洗嘞…顆顆有泥!!!誰給你一袋米呦!行了，添水!',120,'岸本齊史','吳棕憲','動畫','保護級','2021-01-03');
/*!40000 ALTER TABLE `movie` ENABLE KEYS */;
UNLOCK TABLES;

--
-- Table structure for table `order_list`
--

DROP TABLE IF EXISTS `order_list`;
/*!40101 SET @saved_cs_client     = @@character_set_client */;
/*!50503 SET character_set_client = utf8mb4 */;
CREATE TABLE `order_list` (
  `id` int(11) NOT NULL AUTO_INCREMENT,
  `price` int(11) DEFAULT NULL,
  `order_time` datetime DEFAULT NULL,
  `user_id` int(10) unsigned DEFAULT NULL,
  `coupon` int(11) DEFAULT NULL,
  `uid` varchar(50) DEFAULT NULL,
  PRIMARY KEY (`id`),
  KEY `user_id` (`user_id`),
  CONSTRAINT `ORDER_LIST_ibfk_1` FOREIGN KEY (`user_id`) REFERENCES `user` (`id`)
) ENGINE=InnoDB AUTO_INCREMENT=534 DEFAULT CHARSET=utf8mb4;
/*!40101 SET character_set_client = @saved_cs_client */;

--
-- Dumping data for table `order_list`
--

LOCK TABLES `order_list` WRITE;
/*!40000 ALTER TABLE `order_list` DISABLE KEYS */;
INSERT INTO `order_list` VALUES (479,920,'2021-01-04 20:36:26',1,NULL,'Vbwu2xPfWomiiqTLrRWPc7'),(480,870,'2021-01-04 20:37:12',1,NULL,'YYb68DbzoisU9ccb93XV1W'),(481,880,'2021-01-04 20:39:44',1,NULL,'KCpHBiN8xZwt4qbZABx9Lv'),(482,520,'2021-01-04 20:41:21',1,NULL,'XhmJzDcz6zCnBHesoEEi3A'),(483,0,'2021-01-04 20:42:13',1,NULL,'R17Jr4tK4YQzBPoKd9iVcQ'),(484,570,'2021-01-04 20:45:00',1,NULL,'Vo8P5HY1hR8nXFT5ngxZuf'),(485,870,'2021-01-04 20:45:15',1,NULL,'SX8AqoUQicqzPhR9aNtADz'),(486,300,'2021-01-04 20:45:27',1,NULL,'GPbwRdsDVpmiR58Era8NdH'),(487,300,'2021-01-04 20:48:19',1,NULL,'A36Tp2TL2EBiteM9ahbcCb'),(488,1090,'2021-01-04 20:48:53',1,NULL,'WVoTQqTUutVs5xVr3xgfs5'),(489,250,'2021-01-04 20:49:34',1,NULL,'J2euxfLvHw4bQz4ATmwnaM'),(490,550,'2021-01-04 20:53:15',1,NULL,'WNAepS3EQ65fKfqaXSx4Tn'),(491,820,'2021-01-04 20:53:50',1,NULL,'BrtdsvfMVup41xG4kM5mjX'),(492,820,'2021-01-04 20:54:54',1,NULL,'PA5H2mxjFUnBdos5EX2dT2'),(493,850,'2021-01-04 20:56:36',1,123,'7xqqYYJiaQ26fbN9EC287X'),(494,250,'2021-01-04 21:00:54',19,123,'YZ8yu4bmXD5WaRU1fyNMDK'),(495,600,'2021-01-04 21:20:32',1,NULL,'PoxUFExzpDYQhHk5YPRPN6'),(496,850,'2021-01-04 21:21:20',1,123,'QgXdMNdDLHAefVDLrdzsm5'),(497,330,'2021-01-04 23:16:13',19,NULL,'5Y81vMsr5DU68ypSrNCLvN'),(498,0,'2021-01-04 23:32:54',21,NULL,NULL),(499,1030,'2021-01-04 23:33:41',21,NULL,NULL),(500,0,'2021-01-04 23:40:38',21,NULL,NULL),(501,340,'2021-01-05 00:18:58',22,NULL,'4ieoAMSKkEgfvUSLJLdHx5'),(502,390,'2021-01-05 00:42:06',21,NULL,NULL),(503,4430,'2021-01-05 14:05:03',1,NULL,'MiHq5WbBDpZFW3kQWbL1dH'),(504,1220,'2021-01-05 21:18:24',1,NULL,'UQaqT4DoEVJFg2Q9USfGJD'),(505,870,'2021-01-05 21:19:04',1,NULL,'NpEQgD3PQWuLEfVR5Hsqnz'),(506,3990,'2021-01-05 21:19:26',1,NULL,'RzK3ZZHZCXxZEKhdKsGBKp'),(507,5070,'2021-01-05 22:18:37',7,NULL,'CyW8Lds9V5jsqtk26otwzT'),(508,4060,'2021-01-05 22:19:24',7,NULL,'WyoStbYKUTsmZHFzsa3z8U'),(509,4090,'2021-01-05 22:19:51',7,NULL,'VNMbVw4VwNe2cThUp3L9wF'),(510,4350,'2021-01-05 22:20:31',7,NULL,'EG22uXSrtSLpZSDBmq62ge'),(511,1570,'2021-01-05 22:21:09',11,123,'35GqwjpRvYJrzSsAwo7xwq'),(512,4410,'2021-01-05 22:22:13',7,NULL,'MZj3se1ThY9TyuJSxri1Jf'),(513,4200,'2021-01-05 22:23:13',7,NULL,'MjDVrmMqrbstGE2z2Gu5WX'),(514,3180,'2021-01-05 22:25:26',7,NULL,'4Qg9CSXvdHQpvtJrfgfYYN'),(515,4410,'2021-01-05 22:26:44',7,NULL,'SxoPPNpN4j6u36B2U4drL3'),(516,4350,'2021-01-05 22:27:16',7,NULL,'2V6BqbB3C8HwZroiJB7q5D'),(517,4410,'2021-01-05 22:27:56',7,NULL,'68Ujhv8wRa1w5LCQ6W1KGi'),(518,4290,'2021-01-05 22:29:10',7,NULL,'6ghpWuEb2PywBH4igTWsSC'),(519,4410,'2021-01-05 22:30:47',7,NULL,'3R73zMnVUhsJ3V3Us5vWBT'),(520,660,'2021-01-05 22:41:43',21,123,'QQYtgjcgT1RsiywMF12RCA'),(521,4290,'2021-01-05 22:47:21',7,NULL,'3k9FqUakhc2cLQQz29KP7k'),(522,4290,'2021-01-05 22:47:51',7,NULL,'2pEuAdAChj1qh72higzGQA'),(523,600,'2021-01-05 22:48:15',7,NULL,'9zncuKTNLBzGEMoqd88iC1'),(524,4410,'2021-01-05 22:49:44',7,NULL,'7Mgo1LuzoDeCwjg6gKTQfv'),(525,660,'2021-01-05 22:52:35',23,123,'C4VoJyG2egqV5gmqnFhKna'),(526,3990,'2021-01-06 04:27:00',7,NULL,'StFoo9RoUiwNurWMcHzqtf'),(527,3990,'2021-01-06 04:27:25',7,NULL,'K8YyNumL3tnSFX1RRYA5KJ'),(528,1270,'2021-01-06 15:29:27',1,NULL,'SufQ4LxdzTkHHFr3wns6jJ'),(529,4230,'2021-01-06 15:30:10',1,NULL,'1dYkuWLPFxMcq73Kmhkj2z'),(530,4230,'2021-01-06 15:30:48',1,NULL,'JSBe76JWLiH9h7Tac8n6Kb'),(531,3990,'2021-01-06 15:31:40',1,NULL,'5JbLTxfjsZe86AiKzbbJ9a'),(532,2820,'2021-01-06 15:34:00',1,NULL,'6VB18qNBr89XPHvYqBdgVx'),(533,0,'2021-01-06 17:05:06',23,124,'PBnPiEEuP8Xt8kgQDdK53y');
/*!40000 ALTER TABLE `order_list` ENABLE KEYS */;
UNLOCK TABLES;

--
-- Table structure for table `order_product`
--

DROP TABLE IF EXISTS `order_product`;
/*!40101 SET @saved_cs_client     = @@character_set_client */;
/*!50503 SET character_set_client = utf8mb4 */;
CREATE TABLE `order_product` (
  `order_list_id` int(11) DEFAULT NULL,
  `product_id` int(11) DEFAULT NULL,
  `amount` int(11) DEFAULT NULL,
  KEY `order_list_id` (`order_list_id`),
  KEY `product_id` (`product_id`),
  CONSTRAINT `order_product_ibfk_1` FOREIGN KEY (`order_list_id`) REFERENCES `order_list` (`id`),
  CONSTRAINT `order_product_ibfk_2` FOREIGN KEY (`product_id`) REFERENCES `product` (`id`)
) ENGINE=InnoDB DEFAULT CHARSET=utf8mb4;
/*!40101 SET character_set_client = @saved_cs_client */;

--
-- Dumping data for table `order_product`
--

LOCK TABLES `order_product` WRITE;
/*!40000 ALTER TABLE `order_product` DISABLE KEYS */;
INSERT INTO `order_product` VALUES (507,1,7),(507,2,7),(507,3,6),(507,4,6),(507,5,6),(508,1,7),(508,2,7),(508,3,1),(509,1,7),(509,2,7),(509,5,2),(510,1,7),(510,2,7),(510,4,6),(511,1,3),(511,2,2),(511,4,3),(512,1,7),(512,2,7),(512,3,6),(513,1,7),(513,2,7),(513,3,3),(514,1,4),(514,2,6),(514,4,6),(515,1,7),(515,2,7),(515,3,6),(516,1,7),(516,2,7),(516,4,6),(517,1,7),(517,2,7),(517,3,6),(518,1,7),(518,2,7),(518,5,6),(519,1,7),(519,2,7),(519,3,6),(520,1,1),(520,2,1),(520,3,2),(521,1,7),(521,2,7),(521,5,6),(522,1,7),(522,2,7),(522,5,6),(523,1,2),(524,1,7),(524,2,7),(524,3,6),(525,1,1),(525,2,1),(525,3,2),(526,1,7),(526,2,7),(527,1,7),(527,2,7),(528,1,3),(528,2,1),(528,5,2),(529,1,7),(529,2,7),(529,4,4),(530,1,7),(530,2,7),(530,4,4),(531,1,7),(531,2,7),(532,1,4),(532,2,6),(533,1,2),(533,5,1);
/*!40000 ALTER TABLE `order_product` ENABLE KEYS */;
UNLOCK TABLES;

--
-- Table structure for table `play_in`
--

DROP TABLE IF EXISTS `play_in`;
/*!40101 SET @saved_cs_client     = @@character_set_client */;
/*!50503 SET character_set_client = utf8mb4 */;
CREATE TABLE `play_in` (
  `theater_id` int(11) DEFAULT NULL,
  `movie_id` int(11) DEFAULT NULL,
  `showing_id` int(11) DEFAULT NULL,
  KEY `theater_id` (`theater_id`),
  KEY `movie_id` (`movie_id`),
  KEY `showing_id` (`showing_id`),
  CONSTRAINT `PLAY_IN_ibfk_1` FOREIGN KEY (`theater_id`) REFERENCES `theater` (`id`),
  CONSTRAINT `PLAY_IN_ibfk_2` FOREIGN KEY (`movie_id`) REFERENCES `movie` (`id`),
  CONSTRAINT `PLAY_IN_ibfk_3` FOREIGN KEY (`showing_id`) REFERENCES `showing` (`id`)
) ENGINE=InnoDB DEFAULT CHARSET=utf8mb4;
/*!40101 SET character_set_client = @saved_cs_client */;

--
-- Dumping data for table `play_in`
--

LOCK TABLES `play_in` WRITE;
/*!40000 ALTER TABLE `play_in` DISABLE KEYS */;
INSERT INTO `play_in` VALUES (1,1,10),(1,1,11),(1,1,12),(2,1,13),(2,1,14),(2,1,15),(3,1,16),(3,1,17),(3,1,18),(1,2,19),(1,2,20),(1,2,21),(1,7,73),(1,5,74),(2,5,75),(2,1,76),(1,20,91),(3,1,109),(1,1,110),(1,1,111),(1,1,112),(1,1,113),(1,1,114),(1,1,115),(1,1,116),(1,1,117),(1,1,118),(1,1,119),(1,1,120),(1,1,121),(1,1,122),(1,1,123),(1,45,124),(1,3,126),(1,3,127),(2,3,128),(3,3,129),(3,8,130),(3,16,131),(3,15,133),(3,21,134),(3,45,136),(3,5,138),(1,2,139),(1,3,140),(1,3,141),(1,3,142),(1,3,143),(1,3,144),(1,3,145),(2,3,146),(2,3,147),(2,3,148),(2,3,149),(2,3,150),(3,3,151),(3,3,152),(3,3,153),(3,3,154),(3,3,155),(3,3,156),(3,3,157),(3,3,158),(1,4,159),(1,4,160),(1,4,161),(1,4,162),(1,4,163),(1,4,164),(1,4,165),(1,4,166),(1,4,167),(1,4,168),(1,2,169),(1,2,170),(1,2,171),(1,2,172),(2,2,173),(2,2,174),(2,2,175),(2,2,176),(3,2,177),(3,2,178),(3,2,179),(1,3,180),(1,3,181),(1,3,182),(2,3,183),(2,3,184),(3,3,185),(3,3,186),(1,4,187),(1,4,188),(1,4,189),(2,4,190),(2,4,191),(2,4,192),(2,4,193),(3,4,194),(3,4,195),(3,4,196),(1,5,197),(1,5,198),(1,5,199),(1,5,200),(1,5,201),(2,5,202),(2,5,203),(2,5,204),(2,5,214),(3,5,215),(3,5,216),(3,5,217),(3,5,218),(1,6,222),(1,6,223),(1,6,224),(2,6,225),(2,6,226),(2,6,227),(3,6,228),(3,6,229),(3,6,230),(1,45,231),(1,45,232),(1,45,233),(2,45,234),(2,45,235),(2,45,236),(3,45,237),(3,45,238),(3,45,239),(1,13,240),(1,13,241),(1,13,242),(3,6,243),(1,7,244),(1,7,245),(1,7,246),(1,7,247),(2,13,248),(2,13,249),(2,7,250),(2,13,251),(2,7,252),(2,7,253),(3,7,254),(3,7,255),(3,7,256),(1,8,257),(3,13,258),(3,13,259),(1,8,260),(3,13,261),(1,8,262),(1,8,263),(2,8,264),(2,8,265),(2,8,266),(2,8,267),(3,8,268),(3,8,269),(3,8,270),(1,9,271),(1,9,272),(1,9,273),(2,9,274),(2,9,275),(2,9,276),(3,9,277),(3,9,278),(3,9,279),(1,10,280),(1,10,281),(1,10,282),(1,11,283),(2,10,284),(2,10,285),(2,10,286),(3,10,287),(3,10,288),(3,10,289),(1,11,290),(1,11,291),(2,11,292),(2,11,293),(2,11,294),(3,11,295),(3,11,296),(3,11,297),(1,12,298),(1,12,299),(1,12,300),(2,12,301),(2,12,302),(2,12,303),(3,12,304),(3,12,306),(1,46,307),(1,46,308),(1,46,309),(2,46,310),(2,46,311),(2,46,312),(3,46,313),(3,46,314),(1,50,315),(1,50,316),(1,50,317),(1,50,318),(2,50,319),(2,50,320),(2,50,321),(3,50,322),(3,50,323),(3,50,324);
/*!40000 ALTER TABLE `play_in` ENABLE KEYS */;
UNLOCK TABLES;

--
-- Table structure for table `product`
--

DROP TABLE IF EXISTS `product`;
/*!40101 SET @saved_cs_client     = @@character_set_client */;
/*!50503 SET character_set_client = utf8mb4 */;
CREATE TABLE `product` (
  `id` int(11) NOT NULL AUTO_INCREMENT,
  `name` varchar(50) DEFAULT NULL,
  `price` int(11) DEFAULT NULL,
  `type` varchar(50) DEFAULT NULL,
  PRIMARY KEY (`id`)
) ENGINE=InnoDB AUTO_INCREMENT=9 DEFAULT CHARSET=utf8mb4;
/*!40101 SET character_set_client = @saved_cs_client */;

--
-- Dumping data for table `product`
--

LOCK TABLES `product` WRITE;
/*!40000 ALTER TABLE `product` DISABLE KEYS */;
INSERT INTO `product` VALUES (1,'全票',300,'ticket'),(2,'優待票',270,'ticket'),(3,'大可樂',70,'drink'),(4,'中可樂',60,'drink'),(5,'小可樂',50,'drink'),(6,'店員的微笑',81000,'service'),(7,'店員的鞋號',87,'service');
/*!40000 ALTER TABLE `product` ENABLE KEYS */;
UNLOCK TABLES;

--
-- Table structure for table `promo_code`
--

DROP TABLE IF EXISTS `promo_code`;
/*!40101 SET @saved_cs_client     = @@character_set_client */;
/*!50503 SET character_set_client = utf8mb4 */;
CREATE TABLE `promo_code` (
  `code_number` int(11) NOT NULL,
  `discount_price` int(11) DEFAULT NULL,
  `expiration_time` datetime DEFAULT NULL,
  PRIMARY KEY (`code_number`)
) ENGINE=InnoDB DEFAULT CHARSET=utf8mb4;
/*!40101 SET character_set_client = @saved_cs_client */;

--
-- Dumping data for table `promo_code`
--

LOCK TABLES `promo_code` WRITE;
/*!40000 ALTER TABLE `promo_code` DISABLE KEYS */;
INSERT INTO `promo_code` VALUES (123,50,'2021-01-21 23:00:00');
/*!40000 ALTER TABLE `promo_code` ENABLE KEYS */;
UNLOCK TABLES;

--
-- Table structure for table `seat`
--

DROP TABLE IF EXISTS `seat`;
/*!40101 SET @saved_cs_client     = @@character_set_client */;
/*!50503 SET character_set_client = utf8mb4 */;
CREATE TABLE `seat` (
  `id` int(11) NOT NULL AUTO_INCREMENT,
  `seat_row_column` varchar(50) DEFAULT NULL,
  `showing_id` int(11) DEFAULT NULL,
  `order_id` int(11) DEFAULT NULL,
  PRIMARY KEY (`id`),
  KEY `order_id` (`order_id`),
  KEY `showing_id` (`showing_id`),
  CONSTRAINT `seat_ibfk_1` FOREIGN KEY (`order_id`) REFERENCES `order_list` (`id`),
  CONSTRAINT `seat_ibfk_2` FOREIGN KEY (`showing_id`) REFERENCES `showing` (`id`)
) ENGINE=InnoDB AUTO_INCREMENT=587 DEFAULT CHARSET=utf8mb4;
/*!40101 SET character_set_client = @saved_cs_client */;

--
-- Dumping data for table `seat`
--

LOCK TABLES `seat` WRITE;
/*!40000 ALTER TABLE `seat` DISABLE KEYS */;
INSERT INTO `seat` VALUES (284,'B8',240,507),(285,'B9',240,507),(286,'B10',240,507),(287,'B11',240,507),(288,'B12',240,507),(289,'B13',240,507),(290,'B14',240,507),(291,'C10',240,507),(292,'C11',240,507),(293,'C12',240,507),(294,'C9',240,507),(295,'C13',240,507),(296,'C8',240,507),(297,'C14',240,507),(298,'D9',241,508),(299,'E9',241,508),(300,'F9',241,508),(301,'F10',241,508),(302,'F11',241,508),(303,'E11',241,508),(304,'D11',241,508),(305,'D10',241,508),(306,'B10',241,508),(307,'B11',241,508),(308,'B9',241,508),(309,'B8',241,508),(310,'B7',241,508),(311,'C7',241,508),(312,'D7',241,509),(313,'E7',241,509),(314,'F7',241,509),(315,'G7',241,509),(316,'H7',241,509),(317,'H8',241,509),(318,'H9',241,509),(319,'H10',241,509),(320,'H11',241,509),(321,'H12',241,509),(322,'H13',241,509),(323,'G13',241,509),(324,'F13',241,509),(325,'E13',241,509),(326,'B12',241,510),(327,'B13',241,510),(328,'C13',241,510),(329,'D13',241,510),(330,'D2',241,510),(331,'E2',241,510),(332,'E3',241,510),(333,'D3',241,510),(334,'D18',241,510),(335,'E18',241,510),(336,'E19',241,510),(337,'D19',241,510),(338,'C3',241,510),(339,'C18',241,510),(340,'D8',11,511),(341,'D12',11,511),(342,'D9',11,511),(343,'D10',11,511),(344,'D11',11,511),(345,'D5',10,512),(346,'E5',10,512),(347,'F5',10,512),(348,'G5',10,512),(349,'D7',10,512),(350,'D6',10,512),(351,'F6',10,512),(352,'H5',10,512),(353,'F7',10,512),(354,'D9',10,512),(355,'E9',10,512),(356,'F9',10,512),(357,'G9',10,512),(358,'H10',10,512),(359,'D17',10,513),(360,'E17',10,513),(361,'F17',10,513),(362,'G17',10,513),(363,'H17',10,513),(364,'F18',10,513),(365,'G19',10,513),(366,'H20',10,513),(367,'E19',10,513),(368,'H11',10,513),(369,'G12',10,513),(370,'F12',10,513),(371,'E12',10,513),(372,'D12',10,513),(373,'E16',10,514),(374,'D15',10,514),(375,'D14',10,514),(376,'E13',10,514),(377,'F13',10,514),(378,'G13',10,514),(379,'H14',10,514),(380,'H15',10,514),(381,'G16',10,514),(382,'D20',10,514),(383,'C10',19,515),(384,'B9',19,515),(385,'A8',19,515),(386,'A7',19,515),(387,'A6',19,515),(388,'B5',19,515),(389,'C4',19,515),(390,'D4',19,515),(391,'E5',19,515),(392,'F6',19,515),(393,'G7',19,515),(394,'H8',19,515),(395,'I9',19,515),(396,'J10',19,515),(397,'C11',19,516),(398,'B12',19,516),(399,'A13',19,516),(400,'A14',19,516),(401,'A15',19,516),(402,'B16',19,516),(403,'C17',19,516),(404,'D17',19,516),(405,'E16',19,516),(406,'F15',19,516),(407,'G14',19,516),(408,'H13',19,516),(409,'I12',19,516),(410,'J11',19,516),(411,'J6',126,517),(412,'I5',126,517),(413,'H5',126,517),(414,'G6',126,517),(415,'G7',126,517),(416,'H8',126,517),(417,'I8',126,517),(418,'J7',126,517),(419,'J10',126,517),(420,'I9',126,517),(421,'H9',126,517),(422,'G9',126,517),(423,'F9',126,517),(424,'E9',126,517),(425,'J12',126,518),(426,'I13',126,518),(427,'H13',126,518),(428,'G13',126,518),(429,'H14',126,518),(430,'I14',126,518),(431,'J15',126,518),(432,'J16',126,518),(433,'I17',126,518),(434,'H17',126,518),(435,'G15',126,518),(436,'G16',126,518),(437,'F13',126,518),(438,'E13',126,518),(439,'D9',126,519),(440,'D13',126,519),(441,'A10',126,519),(442,'A11',126,519),(443,'A12',126,519),(444,'C8',126,519),(445,'B9',126,519),(446,'C14',126,519),(447,'B13',126,519),(448,'C9',126,519),(449,'C10',126,519),(450,'C11',126,519),(451,'C12',126,519),(452,'C13',126,519),(453,'E10',124,520),(454,'E11',124,520),(455,'G6',307,521),(456,'H6',307,521),(457,'J6',307,521),(458,'I6',307,521),(459,'G7',307,521),(460,'G8',307,521),(461,'G9',307,521),(462,'G10',307,521),(463,'F10',307,521),(464,'E10',307,521),(465,'D10',307,521),(466,'C10',307,521),(467,'B10',307,521),(468,'A11',307,521),(469,'B12',307,522),(470,'C12',307,522),(471,'D12',307,522),(472,'E12',307,522),(473,'F12',307,522),(474,'G12',307,522),(475,'G13',307,522),(476,'G14',307,522),(477,'G15',307,522),(478,'H15',307,522),(479,'I15',307,522),(480,'J15',307,522),(481,'H13',307,522),(482,'H8',307,522),(483,'I8',307,523),(484,'I13',307,523),(485,'C11',307,524),(486,'B11',307,524),(487,'D11',307,524),(488,'E11',307,524),(489,'F11',307,524),(490,'G11',307,524),(491,'H14',307,524),(492,'I14',307,524),(493,'H9',307,524),(494,'I9',307,524),(495,'J9',307,524),(496,'J13',307,524),(497,'J14',307,524),(498,'J8',307,524),(499,'D10',308,525),(500,'D11',308,525),(501,'E8',126,526),(502,'E10',126,526),(503,'E7',126,526),(504,'E14',126,526),(505,'E15',126,526),(506,'H16',126,526),(507,'I12',126,526),(508,'I11',126,526),(509,'I10',126,526),(510,'E11',126,526),(511,'D11',126,526),(512,'B11',126,526),(513,'B10',126,526),(514,'G5',126,526),(515,'G17',126,527),(516,'I15',126,527),(517,'H15',126,527),(518,'H12',126,527),(519,'H11',126,527),(520,'H10',126,527),(521,'G10',126,527),(522,'G11',126,527),(523,'G12',126,527),(524,'F12',126,527),(525,'F11',126,527),(526,'E12',126,527),(527,'F10',126,527),(528,'D12',126,527),(529,'G8',174,528),(530,'G9',174,528),(531,'G10',174,528),(532,'G11',174,528),(533,'A1',10,529),(534,'A2',10,529),(535,'A3',10,529),(536,'A4',10,529),(537,'B4',10,529),(538,'B3',10,529),(539,'B1',10,529),(540,'B2',10,529),(541,'C1',10,529),(542,'C2',10,529),(543,'C3',10,529),(544,'C4',10,529),(545,'D4',10,529),(546,'D3',10,529),(547,'G7',11,530),(548,'G9',11,530),(549,'G8',11,530),(550,'G10',11,530),(551,'G12',11,530),(552,'G13',11,530),(553,'G14',11,530),(554,'G11',11,530),(555,'G15',11,530),(556,'G16',11,530),(557,'G17',11,530),(558,'G19',11,530),(559,'G18',11,530),(560,'H16',11,530),(561,'J1',19,531),(562,'J2',19,531),(563,'J3',19,531),(564,'J4',19,531),(565,'J5',19,531),(566,'J6',19,531),(567,'J7',19,531),(568,'J8',19,531),(569,'J9',19,531),(570,'J12',19,531),(571,'J13',19,531),(572,'J15',19,531),(573,'J16',19,531),(574,'J14',19,531),(575,'G7',12,532),(576,'G8',12,532),(577,'G9',12,532),(578,'H14',12,532),(579,'H13',12,532),(580,'H12',12,532),(581,'G11',12,532),(582,'G13',12,532),(583,'G12',12,532),(584,'F12',12,532),(585,'E14',10,533),(586,'E15',10,533);
/*!40000 ALTER TABLE `seat` ENABLE KEYS */;
UNLOCK TABLES;

--
-- Table structure for table `showing`
--

DROP TABLE IF EXISTS `showing`;
/*!40101 SET @saved_cs_client     = @@character_set_client */;
/*!50503 SET character_set_client = utf8mb4 */;
CREATE TABLE `showing` (
  `id` int(11) NOT NULL AUTO_INCREMENT,
  `show_time` datetime DEFAULT NULL,
  `audio` int(11) DEFAULT NULL,
  PRIMARY KEY (`id`)
) ENGINE=InnoDB AUTO_INCREMENT=327 DEFAULT CHARSET=utf8mb4;
/*!40101 SET character_set_client = @saved_cs_client */;

--
-- Dumping data for table `showing`
--

LOCK TABLES `showing` WRITE;
/*!40000 ALTER TABLE `showing` DISABLE KEYS */;
INSERT INTO `showing` VALUES (10,'2020-12-20 11:00:00',1),(11,'2020-12-20 11:30:00',2),(12,'2020-12-20 13:00:00',3),(13,'2020-12-20 11:05:00',1),(14,'2020-12-20 11:40:00',2),(15,'2020-12-20 13:10:00',3),(16,'2020-12-20 11:05:00',1),(17,'2020-12-20 11:40:00',2),(18,'2020-12-20 13:10:00',3),(19,'2020-12-20 15:05:00',1),(20,'2020-12-20 16:40:00',2),(21,'2020-12-20 17:10:00',3),(31,'2021-01-31 03:56:02',1),(32,'2020-12-11 21:04:04',2),(33,'2021-01-22 23:00:59',2),(38,'2021-12-03 00:00:00',3),(40,'2020-12-11 00:00:00',2),(41,'2020-12-02 00:00:59',1),(42,'2021-01-21 06:55:54',1),(43,'2021-12-01 08:04:05',3),(44,'2021-03-04 09:48:07',3),(45,'2021-02-18 16:24:20',2),(46,'2021-05-20 13:08:08',2),(48,'2021-04-15 05:44:03',1),(50,'2021-01-15 09:03:05',3),(52,'2021-01-29 09:59:00',2),(53,'2021-08-12 14:09:06',1),(54,'2021-07-23 12:53:00',3),(55,'2021-01-28 23:59:00',3),(56,'2021-02-04 01:00:00',1),(57,'2021-02-12 02:00:00',1),(58,'2021-02-12 02:00:00',1),(59,'2021-02-12 03:00:00',1),(60,'2021-02-12 04:00:00',1),(61,'2021-02-12 05:00:00',1),(62,'2021-02-12 06:00:00',1),(63,'2022-12-10 11:00:00',1),(64,'2022-12-10 12:00:00',1),(65,'2022-12-10 14:00:00',2),(66,'2022-12-10 17:00:00',3),(67,'2022-12-10 18:00:00',3),(68,'2022-12-10 19:00:00',3),(69,'2022-12-10 21:00:00',3),(70,'2022-12-10 22:10:00',3),(71,'2022-12-10 22:20:00',3),(72,'2022-12-10 22:30:00',3),(73,'2021-02-13 10:50:00',2),(74,'2021-02-13 11:50:00',2),(75,'2021-02-13 11:00:00',2),(76,'2021-01-31 23:00:00',3),(90,'2020-12-31 04:00:00',1),(91,'2021-01-30 02:00:00',2),(109,'2021-01-15 03:00:00',1),(110,'2021-01-01 03:00:00',1),(111,'2021-01-01 04:00:00',1),(112,'2021-01-01 05:00:00',1),(113,'2021-01-01 06:00:00',1),(114,'2021-01-02 06:00:00',1),(115,'2021-01-02 03:00:00',1),(116,'2021-01-02 04:00:00',1),(117,'2021-01-02 05:00:00',1),(118,'2021-01-01 18:00:00',1),(119,'2021-01-01 17:00:00',1),(120,'2021-01-01 15:50:00',1),(121,'2021-01-01 12:00:00',1),(122,'2021-01-01 13:00:00',1),(123,'2021-01-01 12:50:00',1),(124,'2021-01-02 08:01:00',1),(126,'2021-02-18 14:00:00',1),(127,'2021-02-18 14:00:00',2),(128,'2021-02-18 14:00:00',3),(129,'2021-02-18 14:00:00',3),(130,'2021-02-18 14:00:00',3),(131,'2021-02-18 14:00:00',3),(133,'2021-02-18 14:00:00',3),(134,'2021-02-18 14:00:00',3),(136,'2021-02-18 14:00:00',3),(138,'2021-02-18 14:00:00',3),(139,'2021-02-18 14:00:00',2),(140,'2021-01-07 14:00:00',1),(141,'2021-01-07 15:00:00',2),(142,'2021-01-07 15:40:00',3),(143,'2021-01-07 16:00:00',1),(144,'2021-01-07 17:00:00',2),(145,'2021-01-07 18:00:00',3),(146,'2021-01-07 12:00:00',3),(147,'2021-01-07 13:00:00',1),(148,'2021-01-07 14:00:00',2),(149,'2021-01-07 15:00:00',3),(150,'2021-01-07 16:00:00',3),(151,'2021-01-07 11:00:00',1),(152,'2021-01-07 12:00:00',1),(153,'2021-01-07 13:00:00',1),(154,'2021-01-07 14:00:00',2),(155,'2021-01-07 14:40:00',3),(156,'2021-01-07 15:00:00',1),(157,'2021-01-07 16:00:00',2),(158,'2021-01-07 17:00:00',3),(159,'2021-01-08 13:00:00',1),(160,'2021-01-08 14:00:00',1),(161,'2021-01-08 15:00:00',2),(162,'2021-01-08 16:00:00',3),(163,'2021-01-08 16:30:00',1),(164,'2021-01-08 17:00:00',2),(165,'2021-01-08 18:00:00',3),(166,'2021-01-09 10:00:00',1),(167,'2021-01-09 11:00:00',2),(168,'2021-01-09 12:00:00',2),(169,'2022-01-13 10:00:00',1),(170,'2022-01-13 11:00:00',2),(171,'2022-01-13 12:00:00',3),(172,'2022-01-13 13:00:00',1),(173,'2022-01-13 13:00:00',1),(174,'2022-01-13 14:00:00',2),(175,'2022-01-13 14:00:00',2),(176,'2022-01-13 14:00:00',3),(177,'2022-01-12 11:00:00',1),(178,'2022-01-12 12:00:00',2),(179,'2022-01-12 13:00:00',3),(180,'2022-01-20 12:00:00',1),(181,'2022-01-20 13:00:00',2),(182,'2022-01-20 14:00:00',3),(183,'2022-01-21 12:00:00',1),(184,'2022-01-21 13:00:00',2),(185,'2022-01-26 12:00:00',1),(186,'2022-01-08 13:00:00',2),(187,'2021-01-26 12:00:00',1),(188,'2021-01-26 12:30:00',2),(189,'2021-01-26 12:30:00',3),(190,'2021-01-21 12:00:00',1),(191,'2021-01-21 13:00:00',1),(192,'2021-01-21 14:00:00',2),(193,'2021-01-21 15:00:00',3),(194,'2021-01-30 11:00:00',1),(195,'2021-01-30 12:00:00',1),(196,'2021-01-30 14:00:00',3),(197,'2021-02-03 12:00:00',1),(198,'2021-02-03 13:00:00',1),(199,'2021-02-03 14:00:00',1),(200,'2021-02-03 15:00:00',2),(201,'2021-02-03 16:00:00',2),(202,'2021-02-11 12:00:00',1),(203,'2021-02-11 13:00:00',2),(204,'2021-02-11 14:00:00',3),(214,'2021-02-11 15:00:00',3),(215,'2021-03-12 16:00:00',1),(216,'2021-03-12 17:00:00',1),(217,'2021-03-12 18:00:00',2),(218,'2021-03-12 19:00:00',3),(222,'2021-01-30 11:00:00',1),(223,'2021-01-30 12:00:00',2),(224,'2021-01-30 13:00:00',3),(225,'2021-01-30 13:00:00',1),(226,'2021-01-30 14:00:00',2),(227,'2021-01-30 15:00:00',3),(228,'2021-01-30 15:00:00',1),(229,'2021-01-30 16:00:00',2),(230,'2021-01-30 17:00:00',3),(231,'2021-01-07 00:00:00',1),(232,'2021-01-07 00:00:00',2),(233,'2021-01-07 00:00:00',3),(234,'2021-01-07 00:00:00',1),(235,'2021-01-07 00:00:00',2),(236,'2021-01-07 00:00:00',3),(237,'2021-01-07 00:00:00',1),(238,'2021-01-07 00:00:00',2),(239,'2021-01-07 00:00:00',3),(240,'2021-01-06 14:30:00',1),(241,'2021-01-06 15:30:00',2),(242,'2021-01-06 16:30:00',3),(243,'2021-01-30 17:00:00',3),(244,'2021-02-19 12:00:00',1),(245,'2021-02-19 13:00:00',2),(246,'2021-02-19 13:00:00',3),(247,'2021-02-19 14:00:00',3),(248,'2021-01-06 14:30:00',1),(249,'2021-01-06 15:30:00',2),(250,'2021-02-20 15:00:00',1),(251,'2021-01-06 16:30:00',3),(252,'2021-02-20 16:00:00',2),(253,'2021-02-20 17:00:00',3),(254,'2021-02-21 12:00:00',1),(255,'2021-02-21 13:00:00',2),(256,'2021-02-21 14:00:00',3),(257,'2021-02-22 12:00:00',3),(258,'2021-01-06 14:30:00',1),(259,'2021-01-06 15:30:00',2),(260,'2021-02-22 13:00:00',1),(261,'2021-01-06 16:30:00',3),(262,'2021-02-22 13:20:00',2),(263,'2021-02-22 14:00:00',3),(264,'2021-02-23 19:00:00',1),(265,'2021-02-23 20:00:00',2),(266,'2021-02-23 21:00:00',2),(267,'2021-02-23 22:00:00',3),(268,'2021-02-24 09:00:00',1),(269,'2021-02-24 10:00:00',2),(270,'2021-02-24 11:00:00',3),(271,'2021-01-20 11:00:00',1),(272,'2021-01-20 12:00:00',2),(273,'2021-01-20 13:00:00',3),(274,'2021-01-21 14:00:00',1),(275,'2021-01-21 15:00:00',2),(276,'2021-01-21 16:00:00',3),(277,'2021-01-22 16:00:00',1),(278,'2021-01-22 17:00:00',1),(279,'2021-01-22 18:00:00',1),(280,'2021-01-28 13:00:00',1),(281,'2021-01-28 13:10:00',2),(282,'2021-01-28 14:10:00',2),(283,'2021-01-06 11:30:00',3),(284,'2021-01-21 13:10:00',1),(285,'2021-01-21 15:00:00',2),(286,'2021-01-21 16:00:00',3),(287,'2021-01-23 17:00:00',1),(288,'2021-01-23 11:00:00',2),(289,'2021-01-23 12:00:00',2),(290,'2021-01-06 10:30:00',2),(291,'2021-01-06 09:30:00',1),(292,'2021-01-06 09:30:00',1),(293,'2021-01-06 10:30:00',2),(294,'2021-01-06 11:30:00',3),(295,'2021-01-06 09:30:00',1),(296,'2021-01-06 10:30:00',2),(297,'2021-01-06 11:30:00',3),(298,'2021-01-08 19:30:00',1),(299,'2021-01-08 20:30:00',2),(300,'2021-01-08 21:30:00',3),(301,'2021-01-08 19:30:00',1),(302,'2021-01-08 20:30:00',2),(303,'2021-01-08 21:30:00',3),(304,'2021-01-08 19:30:00',1),(306,'2021-01-08 21:30:00',3),(307,'2025-01-15 12:34:56',1),(308,'2025-01-15 13:34:56',2),(309,'2025-01-15 14:34:56',3),(310,'2025-01-15 10:34:56',1),(311,'2025-01-15 11:34:56',2),(312,'2025-01-15 12:34:56',3),(313,'2025-01-15 14:34:56',2),(314,'2025-01-15 15:34:56',3),(315,'2021-02-17 04:08:06',1),(316,'2021-02-17 05:08:06',2),(317,'2021-02-17 06:08:06',3),(318,'2021-02-17 06:08:06',3),(319,'2021-02-17 07:08:06',1),(320,'2021-02-17 08:08:06',2),(321,'2021-02-17 09:08:06',3),(322,'2021-02-17 09:09:06',1),(323,'2021-02-17 09:10:06',2),(324,'2021-02-17 09:11:06',3);
/*!40000 ALTER TABLE `showing` ENABLE KEYS */;
UNLOCK TABLES;


--
-- Table structure for table `theater`
--

DROP TABLE IF EXISTS `theater`;
/*!40101 SET @saved_cs_client     = @@character_set_client */;
/*!50503 SET character_set_client = utf8mb4 */;
CREATE TABLE `theater` (
  `id` int(11) NOT NULL AUTO_INCREMENT,
  `name` varchar(50) DEFAULT NULL,
  PRIMARY KEY (`id`)
) ENGINE=InnoDB AUTO_INCREMENT=4 DEFAULT CHARSET=utf8mb4;
/*!40101 SET character_set_client = @saved_cs_client */;

--
-- Dumping data for table `theater`
--

LOCK TABLES `theater` WRITE;
/*!40000 ALTER TABLE `theater` DISABLE KEYS */;
INSERT INTO `theater` VALUES (1,'台北哭啊影城'),(2,'台中哭啊影城'),(3,'台南哭啊影城');
/*!40000 ALTER TABLE `theater` ENABLE KEYS */;
UNLOCK TABLES;

--
-- Table structure for table `user`
--

DROP TABLE IF EXISTS `user`;
/*!40101 SET @saved_cs_client     = @@character_set_client */;
/*!50503 SET character_set_client = utf8mb4 */;
CREATE TABLE `user` (
  `id` int(10) unsigned NOT NULL AUTO_INCREMENT,
  `username` varchar(30) NOT NULL,
  `password` varchar(100) NOT NULL,
  `email` varchar(254) DEFAULT NULL,
  `last_login` date DEFAULT NULL,
  `role` varchar(30) DEFAULT NULL,
  `code_number` int(11) DEFAULT NULL,
  PRIMARY KEY (`id`),
  UNIQUE KEY `id` (`id`),
  UNIQUE KEY `username` (`username`),
  UNIQUE KEY `email` (`email`),
  KEY `code_number` (`code_number`),
  CONSTRAINT `USER_ibfk_1` FOREIGN KEY (`code_number`) REFERENCES `promo_code` (`code_number`)
) ENGINE=InnoDB AUTO_INCREMENT=27 DEFAULT CHARSET=utf8mb4;
/*!40101 SET character_set_client = @saved_cs_client */;

--
-- Dumping data for table `user`
--

LOCK TABLES `user` WRITE;
/*!40000 ALTER TABLE `user` DISABLE KEYS */;
INSERT INTO `user` VALUES (1,'fantong','$2a$10$E6rgdrCqk4XrpwZ6MlDuTOxb/UqQPng9I1jw9uQdxf.pNRyuE6sLK',NULL,NULL,'member',NULL),(2,'ccccc','$2a$10$6jYD/IrYuXom/1uQcXUN9uoToBmVpo.MmpJsU1qL21KzX9OXWSk.6',NULL,NULL,'member',NULL),(3,'zzxcasd@gmail.com','$2a$10$80Cj8RRgXl6mzy.nxXANKeUT6EFm/yxcRINEL1UHbtEMyvNF6TL.u',NULL,NULL,'member',NULL),(4,'orth','$2a$10$6WaEpF3/6xn7bajI8hcdWOBXkzye7jpznJETLw4vJ2TjyOM0tox0i',NULL,NULL,'member',NULL),(7,'orthjs','$2a$10$u/.hwFJdKqlMUCZXpj2P0OY64PIutmtqy/DzyUuEWU57ITJLQMIiW',NULL,NULL,'member',NULL),(8,'fan','$2a$10$xFuGAlnJvtkcuWOo5bh87.LgectKUd9M2v2HFtP7xC5YVj6YZnFgm',NULL,NULL,'member',NULL),(9,'fuck you 123@gmail.com','$2a$10$rU4qSTbxa8vvRd41j1IQB.c2fEHxP..a0moEEkcmqBl4nYtU9oRRy',NULL,NULL,'member',NULL),(10,'kjnskjn kds','$2a$10$VVVszYuNLB8Zh56atk0q/.Txovle2IUTJv3jyrn7QH/kQ2jbWSe5e',NULL,NULL,'member',NULL),(11,'danny','$2a$10$orHxyLsGZExc1ycOI740lOKeIrCjxypZswRdZp7budjzJ/ZEGZdh6',NULL,NULL,'member',NULL),(12,'kuma','$2a$10$b2r/rZ.prXJpLyaC/bI7JuGnOsGJCDEm9x5KOIMcCSXBjmSRhjxPu',NULL,NULL,'member',NULL),(13,'aaaaaaaaaaaaaaaaaaaa','$2a$10$EIKl6eUA/0rqbzSXz4fW9OhxPLpjK3oeGQwg8O0TXeyco3GecMoCe',NULL,NULL,'member',NULL),(15,'admin','$2a$10$lrbR6xgLW58bVzKTNMmqVO0xO.ByZ.P8cSENyMfQEEKCCV3vJS1g2',NULL,NULL,'admin',NULL),(17,'qwer','$2a$10$NM6N/J/4.L3w1XlV/fQz/e4s/jSp6dLfoI/XnWUlsAmUl.lN860fK',NULL,NULL,NULL,NULL),(19,'c','$2a$10$nQF2PY5FzfCiNT5sfE05XuOWtlGnC8vctYjFaQXHhOVi5.MxalVQO',NULL,NULL,'member',NULL),(21,'Peng','$2a$10$TQ.cqpzS46EBLJULzlaZ/On.KR8SCRWnu0umTnRyULpmV40N1KyQu',NULL,NULL,'member',NULL),(22,'乂卍煞氣o死神卐乂','$2a$10$CuPgBEXYnbQbN/53/v7py.HMGIDqNjUIR3ei19x6GUisIwAXvyiwu',NULL,NULL,'member',NULL),(23,'test123','$2a$10$4t4OJOW8D/TvpbutmdIp5.B5p.QS.r/JSwJz3IfKK2Fa9wANI4svC',NULL,NULL,'member',NULL),(24,'fansdf','$2a$10$EhuklfvuGVQcNTvPribhr.k2YTmijf6cioHVM3iEOvRDda/TAM4DS',NULL,NULL,'member',NULL),(25,'fanqwer','$2a$10$Z8XUHG6hNrr.EFxFRixnE.uuhreDGicsQ7ilM1F.DKXKxoC7cFpju',NULL,NULL,'member',NULL),(26,'fanasdfg','$2a$10$/PzaJYxiVn0El4OF0h8YwuWRFJ2OdgRO.COrXwNdtPhVS310Ou9y2',NULL,NULL,'member',NULL);
/*!40000 ALTER TABLE `user` ENABLE KEYS */;
UNLOCK TABLES;


-- Dump completed on 2021-01-06 21:08:14

drop table if exists `all_order`;
drop view if exists `all_order`;
create view all_order as 
select 
  user_id UIDD, 
  product.name PName, 
  product.type PType, 
  order_time OTime, 
  order_list.id OLID, 
  amount, 
  uid, 
  order_list.price OLP 
from 
  order_list, 
  order_product, 
  product 
where 
  order_list.id = order_product.order_list_id 
  and product.id = order_product.product_id 
order by 
  order_time;
  
drop table if exists `all_order_seat`;
drop view if exists `all_order_seat`;
create view all_order_seat as 
select 
  movie.name Mname, 
  theater.name Tname, 
  show_time Stime, 
  audio, 
  OLID, 
  seat_row_column, 
  PType, 
  uid, 
  OTime, 
  OLP, 
  UIDD 
from 
  all_order, 
  seat, 
  play_in, 
  theater, 
  movie, 
  showing 
where 
  seat.order_id = OLID 
  and seat.showing_id = play_in.showing_id 
  and seat.showing_id = showing.id 
  and play_in.showing_id = showing.id 
  and movie.id = play_in.movie_id 
  and play_in.theater_id = theater.id 
group by 
  seat.id;
  
drop table if exists `all_drink`;
drop view if exists `all_drink`;
create view all_drink as 
select 
  * 
from 
  all_order 
where 
  PType = 'drink';
  
drop table if exists `showinglist`;
drop view if exists `showinglist`;
create view showinglist as(
  select 
    m.name, 
    t.name location, 
    s.show_time, 
    s.audio, 
    s.id showing_id 
  from 
    movie m, 
    showing s, 
    play_in p, 
    theater t 
  where 
    m.id = p.movie_id 
    and s.id = p.showing_id 
    and p.theater_id = t.id
);